Workbook

Sheet Bores_w_wl_data
A1: Bore no | B1: Name | C1: Bore report | D1: Yield (L/s) | E1: Completion date | F1: Drilled depth (m) | G1: Completion depth (m) | H1: Depth to water (m) at date of drilling | I1: Purpose | J1: Construction | K1: Status | L1: Latitude | M1: Longitude | N1: UTM zone | O1: Easting | P1: Northing | Q1: Position accuracy | R1: Water data portal
A2: RN016704 | B2: Ti Tree Monitoring Bore | C2: http://www.ntlis.nt.gov.au/hpa-services/borereport?bore=RN016704 | D2: 10 | E2: 0 | F2: 59.5 | G2: 59.4 | H2: 26.9 | I2: Monitoring | J2: Constructed&Capped | K2: Current | L2: -22.241663 | M2: 133.42461 | N2: 53 | O2: 337649 | P2: 7539579 | Q2: GPS | R2: https://ntg.aquaticinformatics.net/AQWebportal/Data/Location/Summary/Location/RN016704/Interval/Latest
A3: RN016705 | B3: Ti Tree Monitoring Bore | C3: http://www.ntlis.nt.gov.au/hpa-services/borereport?bore=RN016705 | D3: 3 | E3: 0 | F3: 56.4 | G3: 56.3 | H3: 28.6 | I3: Monitoring | J3: Constructed&Capped | K3: Current | L3: -22.251034 | M3: 133.41219 | N3: 53 | O3: 336380 | P3: 7538528 | Q3: GPS | R3: https://ntg.aquaticinformatics.net/AQWebportal/Data/Location/Summary/Location/RN016705/Interval/Latest
A4: RN012156 | B4: Pine Hill Station | C4: http://www.ntlis.nt.gov.au/hpa-services/borereport?bore=RN012156 | D4: 6 | E4: 0 | F4: 72.9 | G4: 72.9 | H4: 0 | I4: Monitoring | J4: Constructed&Capped | K4: Current | L4: -22.353915 | M4: 133.64912 | N4: 53 | O4: 360901 | P4: 7527375 | Q4: GPS | R4: https://ntg.aquaticinformatics.net/AQWebportal/Data/Location/Summary/Location/RN012156/Interval/Latest
A5: RN012154 | B5: Pine Hill Station | C5: http://www.ntlis.nt.gov.au/hpa-services/borereport?bore=RN012154 | D5: 3.5 | E5: 0 | F5: 98.8 | G5: 0 | H5: 0 | I5: Monitoring | J5: Constructed&Capped | K5: Current | L5: -22.366488 | M5: 133.48576 | N5: 53 | O5: 344091 | P5: 7525823 | Q5: GPS | R5: https://ntg.aquaticinformatics.net/AQWebportal/Data/Location/Summary/Location/RN012154/Interval/Latest
A6: RN016682 | B6: Ti Tree Area | C6: http://www.ntlis.nt.gov.au/hpa-services/borereport?bore=RN016682 | D6: 5 | E6: 0 | F6: 59.5 | G6: 53.9 | H6: 36.39 | I6: Monitoring | J6: Constructed&Capped | K6: Current | L6: -22.282051 | M6: 133.31908 | N6: 53 | O6: 326821 | P6: 7534990 | Q6: GPS | R6: https://ntg.aquaticinformatics.net/AQWebportal/Data/Location/Summary/Location/RN016682/Interval/Latest
A7: RN016681 | B7: Ti Tree Area | C7: http://www.ntlis.nt.gov.au/hpa-services/borereport?bore=RN016681 | D7: 5 | E7: 0 | F7: 65.5 | G7: 52.6 | H7: 22.03 | I7: Monitoring | J7: Constructed&Capped | K7: Current | L7: -22.281922 | M7: 133.48868 | N7: 53 | O7: 344298 | P7: 7535189 | Q7: GPS | R7: https://ntg.aquaticinformatics.net/AQWebportal/Data/Location/Summary/Location/RN016681/Interval/Latest
A8: RN016680 | B8: Ti Tree Area | C8: http://www.ntlis.nt.gov.au/hpa-services/borereport?bore=RN016680 | D8: 10 | E8: 0 | F8: 77.5 | G8: 77.5 | I8: Monitoring | J8: Constructed&Capped | K8: Current | L8: -22.282082 | M8: 133.5579 | N8: 53 | O8: 351430 | P8: 7535241 | Q8: GPS | R8: https://ntg.aquaticinformatics.net/AQWebportal/Data/Location/Summary/Location/RN016680/Interval/Latest
A9: RN016686 | B9: Pine Hill Station | C9: http://www.ntlis.nt.gov.au/hpa-services/borereport?bore=RN016686 | D9: 5 | E9: 0 | F9: 65.6 | G9: 64 | H9: 28.65 | I9: Monitoring | J9: Constructed&Capped | K9: Current | L9: -22.405242 | M9: 133.23713 | N9: 53 | O9: 318536 | P9: 7521253 | Q9: GPS | R9: https://ntg.aquaticinformatics.net/AQWebportal/Data/Location/Summary/Location/RN016686/Interval/Latest
A10: RN016685 | B10: Pine Hill Station | C10: http://www.ntlis.nt.gov.au/hpa-services/borereport?bore=RN016685 | D10: 0.4 | E10: 0 | F10: 107.7 | G10: 107.2 | H10: 60.18 | I10: Monitoring | J10: Constructed&Capped | K10: Current | L10: -22.442128 | M10: 133.35462 | N10: 53 | O10: 330677 | P10: 7517306 | Q10: GPS | R10: https://ntg.aquaticinformatics.net/AQWebportal/Data/Location/Summary/Location/RN016685/Interval/Latest
A11: RN016684 | B11: Ti Tree Area | C11: http://www.ntlis.nt.gov.au/hpa-services/borereport?bore=RN016684 | D11: 0.2 | E11: 0 | F11: 106.6 | G11: 106.2 | H11: 0 | I11: Monitoring | J11: Constructed&Capped | K11: Current | L11: -22.282062 | M11: 133.24919 | N11: 53 | O11: 319619 | P11: 7534907 | Q11: GPS | R11: https://ntg.aquaticinformatics.net/AQWebportal/Data/Location/Summary/Location/RN016684/Interval/Latest
A12: RN016683 | B12: Ti Tree Area | C12: http://www.ntlis.nt.gov.au/hpa-services/borereport?bore=RN016683 | D12: 10 | E12: 0 | F12: 71.5 | G12: 66.9 | H12: 26.12 | I12: Monitoring | J12: Constructed&Capped | K12: Current | L12: -22.266826 | M12: 133.38237 | N12: 53 | O12: 333325 | P12: 7536747 | Q12: GPS | R12: https://ntg.aquaticinformatics.net/AQWebportal/Data/Location/Summary/Location/RN016683/Interval/Latest
A13: RN010673 | B13: Monitoring Bore Ti Tree Area | C13: http://www.ntlis.nt.gov.au/hpa-services/borereport?bore=RN010673 | D13: 6 | E13: 0 | F13: 75.7 | G13: 0 | H13: 0 | I13: Monitoring | J13: Constructed&Capped | K13: Current | L13: -22.207904 | M13: 133.42857 | N13: 53 | O13: 338019 | P13: 7543321 | Q13: GPS | R13: https://ntg.aquaticinformatics.net/AQWebportal/Data/Location/Summary/Location/RN010673/Interval/Latest
A14: RN014188 | B14: Pine Hill Station | C14: http://www.ntlis.nt.gov.au/hpa-services/borereport?bore=RN014188 | D14: 15 | E14: 0 | F14: 57 | G14: 54 | H14: 17.2 | I14: Monitoring | J14: Constructed&Capped | K14: Current | L14: -22.469278 | M14: 133.57693 | N14: 53 | O14: 353587 | P14: 7514534 | Q14: GPS | R14: https://ntg.aquaticinformatics.net/AQWebportal/Data/Location/Summary/Location/RN014188/Interval/Latest
A15: RN005723 | B15: Monitoring Bore Ti Tree Area | C15: http://www.ntlis.nt.gov.au/hpa-services/borereport?bore=RN005723 | D15: 8.4 | E15: 0 | F15: 61 | G15: 0 | H15: 0 | I15: Monitoring | K15: Current | L15: -22.201708 | M15: 133.41372 | N15: 53 | O15: 336480 | P15: 7543991 | Q15: GPS | R15: https://ntg.aquaticinformatics.net/AQWebportal/Data/Location/Summary/Location/RN005723/Interval/Latest
A16: RN005724 | B16: Ti Tree Area | C16: http://www.ntlis.nt.gov.au/hpa-services/borereport?bore=RN005724 | D16: 7.5 | E16: 0 | F16: 61.6 | G16: 61.6 | H16: 0 | I16: Monitoring | J16: Constructed&Capped | K16: Current | L16: -22.243055 | M16: 133.41361 | N16: 53 | O16: 336517 | P16: 7539413 | Q16: GPS | R16: https://ntg.aquaticinformatics.net/AQWebportal/Data/Location/Summary/Location/RN005724/Interval/Latest
A17: RN018900 | B17: Monitoring Bore Bushy Park Station | C17: http://www.ntlis.nt.gov.au/hpa-services/borereport?bore=RN018900 | D17: 1 | E17: 0 | F17: 88.1 | G17: 91.6 | H17: 52.35 | I17: Investigation | J17: Constructed&Capped | K17: Current | L17: -22.674115 | M17: 133.93794 | N17: 53 | O17: 390894 | P17: 7492165 | Q17: GPS | R17: https://ntg.aquaticinformatics.net/AQWebportal/Data/Location/Summary/Location/RN018900/Interval/Latest
A18: RN005725 | B18: Ti Tree Area | C18: http://www.ntlis.nt.gov.au/hpa-services/borereport?bore=RN005725 | D18: 8.8 | E18: 0 | F18: 61.6 | G18: 0 | H18: 0 | I18: Monitoring | J18: Constructed&Capped | K18: Current | L18: -22.243172 | M18: 133.41361 | N18: 53 | O18: 336517 | P18: 7539400 | Q18: GPS | R18: https://ntg.aquaticinformatics.net/AQWebportal/Data/Location/Summary/Location/RN005725/Interval/Latest
A19: RN014409 | B19: Monitoring Bore Territory Grape Farm | C19: http://www.ntlis.nt.gov.au/hpa-services/borereport?bore=RN014409 | D19: 7 | E19: 0 | F19: 69 | G19: 65 | H19: 16.4 | I19: Monitoring | J19: Constructed&Capped | K19: Current | L19: -22.449311 | M19: 133.6595 | N19: 53 | O19: 362064 | P19: 7516823 | Q19: GPS | R19: https://ntg.aquaticinformatics.net/AQWebportal/Data/Location/Summary/Location/RN014409/Interval/Latest
A20: RN018912 | B20: Monitoring Bore Bushy Park Station | C20: http://www.ntlis.nt.gov.au/hpa-services/borereport?bore=RN018912 | D20: 1 | E20: 0 | F20: 73.3 | G20: 73.3 | H20: 46.97 | I20: Investigation | J20: Constructed&Capped | K20: Current | L20: -22.741472 | M20: 133.93657 | N20: 53 | O20: 390807 | P20: 7484707 | Q20: GPS | R20: https://ntg.aquaticinformatics.net/AQWebportal/Data/Location/Summary/Location/RN018912/Interval/Latest
A21: RN005507 | B21: Ti Tree Area | C21: http://www.ntlis.nt.gov.au/hpa-services/borereport?bore=RN005507 | D21: 4.5 | E21: 0 | F21: 67.4 | G21: 0 | H21: 0 | I21: Monitoring | J21: Constructed&Capped | K21: Current | L21: -22.222336 | M21: 133.41363 | N21: 53 | O21: 336495 | P21: 7541707 | Q21: GPS | R21: https://ntg.aquaticinformatics.net/AQWebportal/Data/Location/Summary/Location/RN005507/Interval/Latest
A22: RN005506 | B22: Ti Tree Area | C22: http://www.ntlis.nt.gov.au/hpa-services/borereport?bore=RN005506 | D22: 0.6 | E22: 0 | F22: 36.9 | G22: 0 | H22: 0 | I22: Monitoring | J22: Constructed&Capped | K22: Current | L22: -22.146624 | M22: 133.41383 | N22: 53 | O22: 336428 | P22: 7550090 | Q22: GPS | R22: https://ntg.aquaticinformatics.net/AQWebportal/Data/Location/Summary/Location/RN005506/Interval/Latest
A23: RN012581 | B23: Woodgreen Station | C23: http://www.ntlis.nt.gov.au/hpa-services/borereport?bore=RN012581 | D23: 10 | E23: 0 | F23: 162.6 | G23: 162.6 | H23: 0 | I23: Monitoring | J23: Constructed&Capped | K23: Current | L23: -22.43375 | M23: 133.75207 | N23: 53 | O23: 371576 | P23: 7518628 | Q23: GPS | R23: https://ntg.aquaticinformatics.net/AQWebportal/Data/Location/Summary/Location/RN012581/Interval/Latest
A24: RN013926 | B24: Pine Hill Station | C24: http://www.ntlis.nt.gov.au/hpa-services/borereport?bore=RN013926 | D24: 10 | E24: 0 | F24: 57 | G24: 57 | H24: 27.27 | I24: Monitoring | J24: Constructed&Capped | K24: Current | L24: -22.511092 | M24: 133.57335 | N24: 53 | O24: 353263 | P24: 7509901 | Q24: GPS | R24: https://ntg.aquaticinformatics.net/AQWebportal/Data/Location/Summary/Location/RN013926/Interval/Latest
A25: RN013927 | B25: Pine Hill Station | C25: http://www.ntlis.nt.gov.au/hpa-services/borereport?bore=RN013927 | D25: 5.5 | E25: 0 | F25: 82 | G25: 0 | H25: 0 | I25: Monitoring | J25: Constructed&Capped | K25: Current | L25: -22.502675 | M25: 133.5233 | N25: 53 | O25: 348105 | P25: 7510783 | Q25: GPS | R25: https://ntg.aquaticinformatics.net/AQWebportal/Data/Location/Summary/Location/RN013927/Interval/Latest
A26: RN013924 | B26: Pine Hill Station | C26: http://www.ntlis.nt.gov.au/hpa-services/borereport?bore=RN013924 | D26: 10 | E26: 0 | F26: 88 | G26: 88 | H26: 0 | I26: Monitoring | J26: Constructed&Capped | K26: Current | L26: -22.393565 | M26: 133.50912 | N26: 53 | O26: 346526 | P26: 7522849 | Q26: GPS | R26: https://ntg.aquaticinformatics.net/AQWebportal/Data/Location/Summary/Location/RN013924/Interval/Latest
A27: RN013925 | B27: Pine Hill Station | C27: http://www.ntlis.nt.gov.au/hpa-services/borereport?bore=RN013925 | D27: 6 | E27: 0 | F27: 97 | G27: 97 | H27: 0 | I27: Monitoring | J27: Constructed&Capped | K27: Current | L27: -22.424807 | M27: 133.54383 | N27: 53 | O27: 350133 | P27: 7519425 | Q27: GPS | R27: https://ntg.aquaticinformatics.net/AQWebportal/Data/Location/Summary/Location/RN013925/Interval/Latest
... A46: RN005641 | B46: Ti Tree Area | C46: http://www.ntlis.nt.gov.au/hpa-services/borereport?bore=RN005641 | D46: 0.8 | E46: 0 | F46: 61 | G46: 61 | H46: 0 | I46: Monitoring | J46: Constructed&Capped | K46: Current | L46: -22.206928 | M46: 133.2854 | N46: 53 | O46: 323257 | P46: 7543269 | Q46: GPS | R46: https://ntg.aquaticinformatics.net/AQWebportal/Data/Location/Summary/Location/RN005641/Interval/Latest
A47: RN006543 | B47: Monitoring Bore Ti Tree Area | C47: http://www.ntlis.nt.gov.au/hpa-services/borereport?bore=RN006543 | D47: 3.8 | E47: 0 | F47: 91.7 | G47: 91.7 | H47: 0 | I47: Monitoring | K47: Current | L47: -22.23014 | M47: 133.40166 | N47: 53 | O47: 335270 | P47: 7540830 | Q47: GPS | R47: https://ntg.aquaticinformatics.net/AQWebportal/Data/Location/Summary/Location/RN006543/Interval/Latest
A48: RN010678 | B48: Ti Tree Area | C48: http://www.ntlis.nt.gov.au/hpa-services/borereport?bore=RN010678 | D48: 4.5 | E48: 0 | F48: 49.6 | G48: 49.6 | H48: 0 | I48: Monitoring | J48: Constructed&Capped | K48: Current | L48: -22.154934 | M48: 133.40927 | N48: 53 | O48: 335967 | P48: 7549165 | Q48: GPS | R48: https://ntg.aquaticinformatics.net/AQWebportal/Data/Location/Summary/Location/RN010678/Interval/Latest
A49: RN017319 | B49: Ti Tree Area | C49: http://www.ntlis.nt.gov.au/hpa-services/borereport?bore=RN017319 | D49: 1 | E49: 0 | F49: 36.5 | G49: 36.5 | H49: 14.6 | I49: Monitoring | J49: Constructed&Capped | K49: Current | L49: -22.204064 | M49: 133.40981 | N49: 53 | O49: 336080 | P49: 7543726 | Q49: GPS | R49: https://ntg.aquaticinformatics.net/AQWebportal/Data/Location/Summary/Location/RN017319/Interval/Latest

Sheet Bores_Plotted
A1: Bore ID | B1: Name | C1: Bore report | D1: Yield (L/s) | E1: Completion date | F1: Drilled depth (m) | G1: Completion depth (m) | H1: Depth to water (m) at date of drilling | I1: Purpose | J1: Construction | K1: Status | L1: Latitude | M1: Longitude | N1: UTM zone | O1: Easting | P1: Northing | Q1: Position accuracy | R1: Water data portal
A2: RN005723 | B2: =_xlfn.XLOOKUP($A2,Bores_w_wl_data!$A:$A,Bores_w_wl_data!B:B) -> Monitoring Bore Ti Tree Area | C2: =_xlfn.XLOOKUP($A2,Bores_w_wl_data!$A:$A,Bores_w_wl_data!C:C) -> http://www.ntlis.nt.gov.au/hpa-services/borereport?bore=RN005723 | D2: =_xlfn.XLOOKUP($A2,Bores_w_wl_data!$A:$A,Bores_w_wl_data!D:D) -> 8.4 | E2: =_xlfn.XLOOKUP($A2,Bores_w_wl_data!$A:$A,Bores_w_wl_data!E:E) -> 0 | F2: =_xlfn.XLOOKUP($A2,Bores_w_wl_data!$A:$A,Bores_w_wl_data!F:F) -> 61 | G2: =_xlfn.XLOOKUP($A2,Bores_w_wl_data!$A:$A,Bores_w_wl_data!G:G) -> 0 | H2: =_xlfn.XLOOKUP($A2,Bores_w_wl_data!$A:$A,Bores_w_wl_data!H:H) -> 0 | I2: =_xlfn.XLOOKUP($A2,Bores_w_wl_data!$A:$A,Bores_w_wl_data!I:I) -> Monitoring | J2: =_xlfn.XLOOKUP($A2,Bores_w_wl_data!$A:$A,Bores_w_wl_data!J:J) -> 0 | K2: =_xlfn.XLOOKUP($A2,Bores_w_wl_data!$A:$A,Bores_w_wl_data!K:K) -> Current | L2: =_xlfn.XLOOKUP($A2,Bores_w_wl_data!$A:$A,Bores_w_wl_data!L:L) -> -22.201708 | M2: =_xlfn.XLOOKUP($A2,Bores_w_wl_data!$A:$A,Bores_w_wl_data!M:M) -> 133.41372 | N2: =_xlfn.XLOOKUP($A2,Bores_w_wl_data!$A:$A,Bores_w_wl_data!N:N) -> 53 | O2: =_xlfn.XLOOKUP($A2,Bores_w_wl_data!$A:$A,Bores_w_wl_data!O:O) -> 336480 | P2: =_xlfn.XLOOKUP($A2,Bores_w_wl_data!$A:$A,Bores_w_wl_data!P:P) -> 7543991 | Q2: =_xlfn.XLOOKUP($A2,Bores_w_wl_data!$A:$A,Bores_w_wl_data!Q:Q) -> GPS | R2: =_xlfn.XLOOKUP($A2,Bores_w_wl_data!$A:$A,Bores_w_wl_data!R:R) -> https://ntg.aquaticinformatics.net/AQWebportal/Data/Location/Summary/Location/RN005723/Interval/Latest
A3: RN006543 | B3: =_xlfn.XLOOKUP($A3,Bores_w_wl_data!$A:$A,Bores_w_wl_data!B:B) -> Monitoring Bore Ti Tree Area | C3: =_xlfn.XLOOKUP($A3,Bores_w_wl_data!$A:$A,Bores_w_wl_data!C:C) -> http://www.ntlis.nt.gov.au/hpa-services/borereport?bore=RN006543 | D3: =_xlfn.XLOOKUP($A3,Bores_w_wl_data!$A:$A,Bores_w_wl_data!D:D) -> 3.8 | E3: =_xlfn.XLOOKUP($A3,Bores_w_wl_data!$A:$A,Bores_w_wl_data!E:E) -> 0 | F3: =_xlfn.XLOOKUP($A3,Bores_w_wl_data!$A:$A,Bores_w_wl_data!F:F) -> 91.7 | G3: =_xlfn.XLOOKUP($A3,Bores_w_wl_data!$A:$A,Bores_w_wl_data!G:G) -> 91.7 | H3: =_xlfn.XLOOKUP($A3,Bores_w_wl_data!$A:$A,Bores_w_wl_data!H:H) -> 0 | I3: =_xlfn.XLOOKUP($A3,Bores_w_wl_data!$A:$A,Bores_w_wl_data!I:I) -> Monitoring | J3: =_xlfn.XLOOKUP($A3,Bores_w_wl_data!$A:$A,Bores_w_wl_data!J:J) -> 0 | K3: =_xlfn.XLOOKUP($A3,Bores_w_wl_data!$A:$A,Bores_w_wl_data!K:K) -> Current | L3: =_xlfn.XLOOKUP($A3,Bores_w_wl_data!$A:$A,Bores_w_wl_data!L:L) -> -22.23014 | M3: =_xlfn.XLOOKUP($A3,Bores_w_wl_data!$A:$A,Bores_w_wl_data!M:M) -> 133.40166 | N3: =_xlfn.XLOOKUP($A3,Bores_w_wl_data!$A:$A,Bores_w_wl_data!N:N) -> 53 | O3: =_xlfn.XLOOKUP($A3,Bores_w_wl_data!$A:$A,Bores_w_wl_data!O:O) -> 335270 | P3: =_xlfn.XLOOKUP($A3,Bores_w_wl_data!$A:$A,Bores_w_wl_data!P:P) -> 7540830 | Q3: =_xlfn.XLOOKUP($A3,Bores_w_wl_data!$A:$A,Bores_w_wl_data!Q:Q) -> GPS | R3: =_xlfn.XLOOKUP($A3,Bores_w_wl_data!$A:$A,Bores_w_wl_data!R:R) -> https://ntg.aquaticinformatics.net/AQWebportal/Data/Location/Summary/Location/RN006543/Interval/Latest
A4: RN012156 | B4: =_xlfn.XLOOKUP($A4,Bores_w_wl_data!$A:$A,Bores_w_wl_data!B:B) -> Pine Hill Station | C4: =_xlfn.XLOOKUP($A4,Bores_w_wl_data!$A:$A,Bores_w_wl_data!C:C) -> http://www.ntlis.nt.gov.au/hpa-services/borereport?bore=RN012156 | D4: =_xlfn.XLOOKUP($A4,Bores_w_wl_data!$A:$A,Bores_w_wl_data!D:D) -> 6 | E4: =_xlfn.XLOOKUP($A4,Bores_w_wl_data!$A:$A,Bores_w_wl_data!E:E) -> 0 | F4: =_xlfn.XLOOKUP($A4,Bores_w_wl_data!$A:$A,Bores_w_wl_data!F:F) -> 72.9 | G4: =_xlfn.XLOOKUP($A4,Bores_w_wl_data!$A:$A,Bores_w_wl_data!G:G) -> 72.9 | H4: =_xlfn.XLOOKUP($A4,Bores_w_wl_data!$A:$A,Bores_w_wl_data!H:H) -> 0 | I4: =_xlfn.XLOOKUP($A4,Bores_w_wl_data!$A:$A,Bores_w_wl_data!I:I) -> Monitoring | J4: =_xlfn.XLOOKUP($A4,Bores_w_wl_data!$A:$A,Bores_w_wl_data!J:J) -> Constructed&Capped | K4: =_xlfn.XLOOKUP($A4,Bores_w_wl_data!$A:$A,Bores_w_wl_data!K:K) -> Current | L4: =_xlfn.XLOOKUP($A4,Bores_w_wl_data!$A:$A,Bores_w_wl_data!L:L) -> -22.353915 | M4: =_xlfn.XLOOKUP($A4,Bores_w_wl_data!$A:$A,Bores_w_wl_data!M:M) -> 133.64912 | N4: =_xlfn.XLOOKUP($A4,Bores_w_wl_data!$A:$A,Bores_w_wl_data!N:N) -> 53 | O4: =_xlfn.XLOOKUP($A4,Bores_w_wl_data!$A:$A,Bores_w_wl_data!O:O) -> 360901 | P4: =_xlfn.XLOOKUP($A4,Bores_w_wl_data!$A:$A,Bores_w_wl_data!P:P) -> 7527375 | Q4: =_xlfn.XLOOKUP($A4,Bores_w_wl_data!$A:$A,Bores_w_wl_data!Q:Q) -> GPS | R4: =_xlfn.XLOOKUP($A4,Bores_w_wl_data!$A:$A,Bores_w_wl_data!R:R) -> https://ntg.aquaticinformatics.net/AQWebportal/Data/Location/Summary/Location/RN012156/Interval/Latest
A5: RN012581 | B5: =_xlfn.XLOOKUP($A5,Bores_w_wl_data!$A:$A,Bores_w_wl_data!B:B) -> Woodgreen Station | C5: =_xlfn.XLOOKUP($A5,Bores_w_wl_data!$A:$A,Bores_w_wl_data!C:C) -> http://www.ntlis.nt.gov.au/hpa-services/borereport?bore=RN012581 | D5: =_xlfn.XLOOKUP($A5,Bores_w_wl_data!$A:$A,Bores_w_wl_data!D:D) -> 10 | E5: =_xlfn.XLOOKUP($A5,Bores_w_wl_data!$A:$A,Bores_w_wl_data!E:E) -> 0 | F5: =_xlfn.XLOOKUP($A5,Bores_w_wl_data!$A:$A,Bores_w_wl_data!F:F) -> 162.6 | G5: =_xlfn.XLOOKUP($A5,Bores_w_wl_data!$A:$A,Bores_w_wl_data!G:G) -> 162.6 | H5: =_xlfn.XLOOKUP($A5,Bores_w_wl_data!$A:$A,Bores_w_wl_data!H:H) -> 0 | I5: =_xlfn.XLOOKUP($A5,Bores_w_wl_data!$A:$A,Bores_w_wl_data!I:I) -> Monitoring | J5: =_xlfn.XLOOKUP($A5,Bores_w_wl_data!$A:$A,Bores_w_wl_data!J:J) -> Constructed&Capped | K5: =_xlfn.XLOOKUP($A5,Bores_w_wl_data!$A:$A,Bores_w_wl_data!K:K) -> Current | L5: =_xlfn.XLOOKUP($A5,Bores_w_wl_data!$A:$A,Bores_w_wl_data!L:L) -> -22.43375 | M5: =_xlfn.XLOOKUP($A5,Bores_w_wl_data!$A:$A,Bores_w_wl_data!M:M) -> 133.75207 | N5: =_xlfn.XLOOKUP($A5,Bores_w_wl_data!$A:$A,Bores_w_wl_data!N:N) -> 53 | O5: =_xlfn.XLOOKUP($A5,Bores_w_wl_data!$A:$A,Bores_w_wl_data!O:O) -> 371576 | P5: =_xlfn.XLOOKUP($A5,Bores_w_wl_data!$A:$A,Bores_w_wl_data!P:P) -> 7518628 | Q5: =_xlfn.XLOOKUP($A5,Bores_w_wl_data!$A:$A,Bores_w_wl_data!Q:Q) -> GPS | R5: =_xlfn.XLOOKUP($A5,Bores_w_wl_data!$A:$A,Bores_w_wl_data!R:R) -> https://ntg.aquaticinformatics.net/AQWebportal/Data/Location/Summary/Location/RN012581/Interval/Latest
A6: RN012594 | B6: =_xlfn.XLOOKUP($A6,Bores_w_wl_data!$A:$A,Bores_w_wl_data!B:B) -> Ti Tree Area | C6: =_xlfn.XLOOKUP($A6,Bores_w_wl_data!$A:$A,Bores_w_wl_data!C:C) -> http://www.ntlis.nt.gov.au/hpa-services/borereport?bore=RN012594 | D6: =_xlfn.XLOOKUP($A6,Bores_w_wl_data!$A:$A,Bores_w_wl_data!D:D) -> 5 | E6: =_xlfn.XLOOKUP($A6,Bores_w_wl_data!$A:$A,Bores_w_wl_data!E:E) -> 0 | F6: =_xlfn.XLOOKUP($A6,Bores_w_wl_data!$A:$A,Bores_w_wl_data!F:F) -> 110.1 | G6: =_xlfn.XLOOKUP($A6,Bores_w_wl_data!$A:$A,Bores_w_wl_data!G:G) -> 0 | H6: =_xlfn.XLOOKUP($A6,Bores_w_wl_data!$A:$A,Bores_w_wl_data!H:H) -> 0 | I6: =_xlfn.XLOOKUP($A6,Bores_w_wl_data!$A:$A,Bores_w_wl_data!I:I) -> Monitoring | J6: =_xlfn.XLOOKUP($A6,Bores_w_wl_data!$A:$A,Bores_w_wl_data!J:J) -> Constructed&Capped | K6: =_xlfn.XLOOKUP($A6,Bores_w_wl_data!$A:$A,Bores_w_wl_data!K:K) -> Current | L6: =_xlfn.XLOOKUP($A6,Bores_w_wl_data!$A:$A,Bores_w_wl_data!L:L) -> -22.186751 | M6: =_xlfn.XLOOKUP($A6,Bores_w_wl_data!$A:$A,Bores_w_wl_data!M:M) -> 133.94645 | N6: =_xlfn.XLOOKUP($A6,Bores_w_wl_data!$A:$A,Bores_w_wl_data!N:N) -> 53 | O6: =_xlfn.XLOOKUP($A6,Bores_w_wl_data!$A:$A,Bores_w_wl_data!O:O) -> 391390 | P6: =_xlfn.XLOOKUP($A6,Bores_w_wl_data!$A:$A,Bores_w_wl_data!P:P) -> 7546125 | Q6: =_xlfn.XLOOKUP($A6,Bores_w_wl_data!$A:$A,Bores_w_wl_data!Q:Q) -> GPS | R6: =_xlfn.XLOOKUP($A6,Bores_w_wl_data!$A:$A,Bores_w_wl_data!R:R) -> https://ntg.aquaticinformatics.net/AQWebportal/Data/Location/Summary/Location/RN012594/Interval/Latest
A7: RN013931 | B7: =_xlfn.XLOOKUP($A7,Bores_w_wl_data!$A:$A,Bores_w_wl_data!B:B) -> Pine Hill Station | C7: =_xlfn.XLOOKUP($A7,Bores_w_wl_data!$A:$A,Bores_w_wl_data!C:C) -> http://www.ntlis.nt.gov.au/hpa-services/borereport?bore=RN013931 | D7: =_xlfn.XLOOKUP($A7,Bores_w_wl_data!$A:$A,Bores_w_wl_data!D:D) -> 10 | E7: =_xlfn.XLOOKUP($A7,Bores_w_wl_data!$A:$A,Bores_w_wl_data!E:E) -> 0 | F7: =_xlfn.XLOOKUP($A7,Bores_w_wl_data!$A:$A,Bores_w_wl_data!F:F) -> 90 | G7: =_xlfn.XLOOKUP($A7,Bores_w_wl_data!$A:$A,Bores_w_wl_data!G:G) -> 0 | H7: =_xlfn.XLOOKUP($A7,Bores_w_wl_data!$A:$A,Bores_w_wl_data!H:H) -> 0 | I7: =_xlfn.XLOOKUP($A7,Bores_w_wl_data!$A:$A,Bores_w_wl_data!I:I) -> Monitoring | J7: =_xlfn.XLOOKUP($A7,Bores_w_wl_data!$A:$A,Bores_w_wl_data!J:J) -> Constructed&Capped | K7: =_xlfn.XLOOKUP($A7,Bores_w_wl_data!$A:$A,Bores_w_wl_data!K:K) -> Current | L7: =_xlfn.XLOOKUP($A7,Bores_w_wl_data!$A:$A,Bores_w_wl_data!L:L) -> -22.368418 | M7: =_xlfn.XLOOKUP($A7,Bores_w_wl_data!$A:$A,Bores_w_wl_data!M:M) -> 133.5957 | N7: =_xlfn.XLOOKUP($A7,Bores_w_wl_data!$A:$A,Bores_w_wl_data!N:N) -> 53 | O7: =_xlfn.XLOOKUP($A7,Bores_w_wl_data!$A:$A,Bores_w_wl_data!O:O) -> 355414 | P7: =_xlfn.XLOOKUP($A7,Bores_w_wl_data!$A:$A,Bores_w_wl_data!P:P) -> 7525719 | Q7: =_xlfn.XLOOKUP($A7,Bores_w_wl_data!$A:$A,Bores_w_wl_data!Q:Q) -> GPS | R7: =_xlfn.XLOOKUP($A7,Bores_w_wl_data!$A:$A,Bores_w_wl_data!R:R) -> https://ntg.aquaticinformatics.net/AQWebportal/Data/Location/Summary/Location/RN013931/Interval/Latest
A8: RN014409 | B8: =_xlfn.XLOOKUP($A8,Bores_w_wl_data!$A:$A,Bores_w_wl_data!B:B) -> Monitoring Bore Territory Grape Farm | C8: =_xlfn.XLOOKUP($A8,Bores_w_wl_data!$A:$A,Bores_w_wl_data!C:C) -> http://www.ntlis.nt.gov.au/hpa-services/borereport?bore=RN014409 | D8: =_xlfn.XLOOKUP($A8,Bores_w_wl_data!$A:$A,Bores_w_wl_data!D:D) -> 7 | E8: =_xlfn.XLOOKUP($A8,Bores_w_wl_data!$A:$A,Bores_w_wl_data!E:E) -> 0 | F8: =_xlfn.XLOOKUP($A8,Bores_w_wl_data!$A:$A,Bores_w_wl_data!F:F) -> 69 | G8: =_xlfn.XLOOKUP($A8,Bores_w_wl_data!$A:$A,Bores_w_wl_data!G:G) -> 65 | H8: =_xlfn.XLOOKUP($A8,Bores_w_wl_data!$A:$A,Bores_w_wl_data!H:H) -> 16.4 | I8: =_xlfn.XLOOKUP($A8,Bores_w_wl_data!$A:$A,Bores_w_wl_data!I:I) -> Monitoring | J8: =_xlfn.XLOOKUP($A8,Bores_w_wl_data!$A:$A,Bores_w_wl_data!J:J) -> Constructed&Capped | K8: =_xlfn.XLOOKUP($A8,Bores_w_wl_data!$A:$A,Bores_w_wl_data!K:K) -> Current | L8: =_xlfn.XLOOKUP($A8,Bores_w_wl_data!$A:$A,Bores_w_wl_data!L:L) -> -22.449311 | M8: =_xlfn.XLOOKUP($A8,Bores_w_wl_data!$A:$A,Bores_w_wl_data!M:M) -> 133.6595 | N8: =_xlfn.XLOOKUP($A8,Bores_w_wl_data!$A:$A,Bores_w_wl_data!N:N) -> 53 | O8: =_xlfn.XLOOKUP($A8,Bores_w_wl_data!$A:$A,Bores_w_wl_data!O:O) -> 362064 | P8: =_xlfn.XLOOKUP($A8,Bores_w_wl_data!$A:$A,Bores_w_wl_data!P:P) -> 7516823 | Q8: =_xlfn.XLOOKUP($A8,Bores_w_wl_data!$A:$A,Bores_w_wl_data!Q:Q) -> GPS | R8: =_xlfn.XLOOKUP($A8,Bores_w_wl_data!$A:$A,Bores_w_wl_data!R:R) -> https://ntg.aquaticinformatics.net/AQWebportal/Data/Location/Summary/Location/RN014409/Interval/Latest
A9: RN016680 | B9: =_xlfn.XLOOKUP($A9,Bores_w_wl_data!$A:$A,Bores_w_wl_data!B:B) -> Ti Tree Area | C9: =_xlfn.XLOOKUP($A9,Bores_w_wl_data!$A:$A,Bores_w_wl_data!C:C) -> http://www.ntlis.nt.gov.au/hpa-services/borereport?bore=RN016680 | D9: =_xlfn.XLOOKUP($A9,Bores_w_wl_data!$A:$A,Bores_w_wl_data!D:D) -> 10 | E9: =_xlfn.XLOOKUP($A9,Bores_w_wl_data!$A:$A,Bores_w_wl_data!E:E) -> 0 | F9: =_xlfn.XLOOKUP($A9,Bores_w_wl_data!$A:$A,Bores_w_wl_data!F:F) -> 77.5 | G9: =_xlfn.XLOOKUP($A9,Bores_w_wl_data!$A:$A,Bores_w_wl_data!G:G) -> 77.5 | H9: =_xlfn.XLOOKUP($A9,Bores_w_wl_data!$A:$A,Bores_w_wl_data!H:H) -> 0 | I9: =_xlfn.XLOOKUP($A9,Bores_w_wl_data!$A:$A,Bores_w_wl_data!I:I) -> Monitoring | J9: =_xlfn.XLOOKUP($A9,Bores_w_wl_data!$A:$A,Bores_w_wl_data!J:J) -> Constructed&Capped | K9: =_xlfn.XLOOKUP($A9,Bores_w_wl_data!$A:$A,Bores_w_wl_data!K:K) -> Current | L9: =_xlfn.XLOOKUP($A9,Bores_w_wl_data!$A:$A,Bores_w_wl_data!L:L) -> -22.282082 | M9: =_xlfn.XLOOKUP($A9,Bores_w_wl_data!$A:$A,Bores_w_wl_data!M:M) -> 133.5579 | N9: =_xlfn.XLOOKUP($A9,Bores_w_wl_data!$A:$A,Bores_w_wl_data!N:N) -> 53 | O9: =_xlfn.XLOOKUP($A9,Bores_w_wl_data!$A:$A,Bores_w_wl_data!O:O) -> 351430 | P9: =_xlfn.XLOOKUP($A9,Bores_w_wl_data!$A:$A,Bores_w_wl_data!P:P) -> 7535241 | Q9: =_xlfn.XLOOKUP($A9,Bores_w_wl_data!$A:$A,Bores_w_wl_data!Q:Q) -> GPS | R9: =_xlfn.XLOOKUP($A9,Bores_w_wl_data!$A:$A,Bores_w_wl_data!R:R) -> https://ntg.aquaticinformatics.net/AQWebportal/Data/Location/Summary/Location/RN016680/Interval/Latest
A10: RN016682 | B10: =_xlfn.XLOOKUP($A10,Bores_w_wl_data!$A:$A,Bores_w_wl_data!B:B) -> Ti Tree Area | C10: =_xlfn.XLOOKUP($A10,Bores_w_wl_data!$A:$A,Bores_w_wl_data!C:C) -> http://www.ntlis.nt.gov.au/hpa-services/borereport?bore=RN016682 | D10: =_xlfn.XLOOKUP($A10,Bores_w_wl_data!$A:$A,Bores_w_wl_data!D:D) -> 5 | E10: =_xlfn.XLOOKUP($A10,Bores_w_wl_data!$A:$A,Bores_w_wl_data!E:E) -> 0 | F10: =_xlfn.XLOOKUP($A10,Bores_w_wl_data!$A:$A,Bores_w_wl_data!F:F) -> 59.5 | G10: =_xlfn.XLOOKUP($A10,Bores_w_wl_data!$A:$A,Bores_w_wl_data!G:G) -> 53.9 | H10: =_xlfn.XLOOKUP($A10,Bores_w_wl_data!$A:$A,Bores_w_wl_data!H:H) -> 36.39 | I10: =_xlfn.XLOOKUP($A10,Bores_w_wl_data!$A:$A,Bores_w_wl_data!I:I) -> Monitoring | J10: =_xlfn.XLOOKUP($A10,Bores_w_wl_data!$A:$A,Bores_w_wl_data!J:J) -> Constructed&Capped | K10: =_xlfn.XLOOKUP($A10,Bores_w_wl_data!$A:$A,Bores_w_wl_data!K:K) -> Current | L10: =_xlfn.XLOOKUP($A10,Bores_w_wl_data!$A:$A,Bores_w_wl_data!L:L) -> -22.282051 | M10: =_xlfn.XLOOKUP($A10,Bores_w_wl_data!$A:$A,Bores_w_wl_data!M:M) -> 133.31908 | N10: =_xlfn.XLOOKUP($A10,Bores_w_wl_data!$A:$A,Bores_w_wl_data!N:N) -> 53 | O10: =_xlfn.XLOOKUP($A10,Bores_w_wl_data!$A:$A,Bores_w_wl_data!O:O) -> 326821 | P10: =_xlfn.XLOOKUP($A10,Bores_w_wl_data!$A:$A,Bores_w_wl_data!P:P) -> 7534990 | Q10: =_xlfn.XLOOKUP($A10,Bores_w_wl_data!$A:$A,Bores_w_wl_data!Q:Q) -> GPS | R10: =_xlfn.XLOOKUP($A10,Bores_w_wl_data!$A:$A,Bores_w_wl_data!R:R) -> https://ntg.aquaticinformatics.net/AQWebportal/Data/Location/Summary/Location/RN016682/Interval/Latest
A11: RN016684 | B11: =_xlfn.XLOOKUP($A11,Bores_w_wl_data!$A:$A,Bores_w_wl_data!B:B) -> Ti Tree Area | C11: =_xlfn.XLOOKUP($A11,Bores_w_wl_data!$A:$A,Bores_w_wl_data!C:C) -> http://www.ntlis.nt.gov.au/hpa-services/borereport?bore=RN016684 | D11: =_xlfn.XLOOKUP($A11,Bores_w_wl_data!$A:$A,Bores_w_wl_data!D:D) -> 0.2 | E11: =_xlfn.XLOOKUP($A11,Bores_w_wl_data!$A:$A,Bores_w_wl_data!E:E) -> 0 | F11: =_xlfn.XLOOKUP($A11,Bores_w_wl_data!$A:$A,Bores_w_wl_data!F:F) -> 106.6 | G11: =_xlfn.XLOOKUP($A11,Bores_w_wl_data!$A:$A,Bores_w_wl_data!G:G) -> 106.2 | H11: =_xlfn.XLOOKUP($A11,Bores_w_wl_data!$A:$A,Bores_w_wl_data!H:H) -> 0 | I11: =_xlfn.XLOOKUP($A11,Bores_w_wl_data!$A:$A,Bores_w_wl_data!I:I) -> Monitoring | J11: =_xlfn.XLOOKUP($A11,Bores_w_wl_data!$A:$A,Bores_w_wl_data!J:J) -> Constructed&Capped | K11: =_xlfn.XLOOKUP($A11,Bores_w_wl_data!$A:$A,Bores_w_wl_data!K:K) -> Current | L11: =_xlfn.XLOOKUP($A11,Bores_w_wl_data!$A:$A,Bores_w_wl_data!L:L) -> -22.282062 | M11: =_xlfn.XLOOKUP($A11,Bores_w_wl_data!$A:$A,Bores_w_wl_data!M:M) -> 133.24919 | N11: =_xlfn.XLOOKUP($A11,Bores_w_wl_data!$A:$A,Bores_w_wl_data!N:N) -> 53 | O11: =_xlfn.XLOOKUP($A11,Bores_w_wl_data!$A:$A,Bores_w_wl_data!O:O) -> 319619 | P11: =_xlfn.XLOOKUP($A11,Bores_w_wl_data!$A:$A,Bores_w_wl_data!P:P) -> 7534907 | Q11: =_xlfn.XLOOKUP($A11,Bores_w_wl_data!$A:$A,Bores_w_wl_data!Q:Q) -> GPS | R11: =_xlfn.XLOOKUP($A11,Bores_w_wl_data!$A:$A,Bores_w_wl_data!R:R) -> https://ntg.aquaticinformatics.net/AQWebportal/Data/Location/Summary/Location/RN016684/Interval/Latest
A12: RN016704 | B12: =_xlfn.XLOOKUP($A12,Bores_w_wl_data!$A:$A,Bores_w_wl_data!B:B) -> Ti Tree Monitoring Bore | C12: =_xlfn.XLOOKUP($A12,Bores_w_wl_data!$A:$A,Bores_w_wl_data!C:C) -> http://www.ntlis.nt.gov.au/hpa-services/borereport?bore=RN016704 | D12: =_xlfn.XLOOKUP($A12,Bores_w_wl_data!$A:$A,Bores_w_wl_data!D:D) -> 10 | E12: =_xlfn.XLOOKUP($A12,Bores_w_wl_data!$A:$A,Bores_w_wl_data!E:E) -> 0 | F12: =_xlfn.XLOOKUP($A12,Bores_w_wl_data!$A:$A,Bores_w_wl_data!F:F) -> 59.5 | G12: =_xlfn.XLOOKUP($A12,Bores_w_wl_data!$A:$A,Bores_w_wl_data!G:G) -> 59.4 | H12: =_xlfn.XLOOKUP($A12,Bores_w_wl_data!$A:$A,Bores_w_wl_data!H:H) -> 26.9 | I12: =_xlfn.XLOOKUP($A12,Bores_w_wl_data!$A:$A,Bores_w_wl_data!I:I) -> Monitoring | J12: =_xlfn.XLOOKUP($A12,Bores_w_wl_data!$A:$A,Bores_w_wl_data!J:J) -> Constructed&Capped | K12: =_xlfn.XLOOKUP($A12,Bores_w_wl_data!$A:$A,Bores_w_wl_data!K:K) -> Current | L12: =_xlfn.XLOOKUP($A12,Bores_w_wl_data!$A:$A,Bores_w_wl_data!L:L) -> -22.241663 | M12: =_xlfn.XLOOKUP($A12,Bores_w_wl_data!$A:$A,Bores_w_wl_data!M:M) -> 133.42461 | N12: =_xlfn.XLOOKUP($A12,Bores_w_wl_data!$A:$A,Bores_w_wl_data!N:N) -> 53 | O12: =_xlfn.XLOOKUP($A12,Bores_w_wl_data!$A:$A,Bores_w_wl_data!O:O) -> 337649 | P12: =_xlfn.XLOOKUP($A12,Bores_w_wl_data!$A:$A,Bores_w_wl_data!P:P) -> 7539579 | Q12: =_xlfn.XLOOKUP($A12,Bores_w_wl_data!$A:$A,Bores_w_wl_data!Q:Q) -> GPS | R12: =_xlfn.XLOOKUP($A12,Bores_w_wl_data!$A:$A,Bores_w_wl_data!R:R) -> https://ntg.aquaticinformatics.net/AQWebportal/Data/Location/Summary/Location/RN016704/Interval/Latest
A13: RN017403 | B13: =_xlfn.XLOOKUP($A13,Bores_w_wl_data!$A:$A,Bores_w_wl_data!B:B) -> Monitoring Bore Ahakeye Land Trust | C13: =_xlfn.XLOOKUP($A13,Bores_w_wl_data!$A:$A,Bores_w_wl_data!C:C) -> http://www.ntlis.nt.gov.au/hpa-services/borereport?bore=RN017403 | D13: =_xlfn.XLOOKUP($A13,Bores_w_wl_data!$A:$A,Bores_w_wl_data!D:D) -> 5 | E13: =_xlfn.XLOOKUP($A13,Bores_w_wl_data!$A:$A,Bores_w_wl_data!E:E) -> 0 | F13: =_xlfn.XLOOKUP($A13,Bores_w_wl_data!$A:$A,Bores_w_wl_data!F:F) -> 66.6 | G13: =_xlfn.XLOOKUP($A13,Bores_w_wl_data!$A:$A,Bores_w_wl_data!G:G) -> 53.6 | H13: =_xlfn.XLOOKUP($A13,Bores_w_wl_data!$A:$A,Bores_w_wl_data!H:H) -> 7.02 | I13: =_xlfn.XLOOKUP($A13,Bores_w_wl_data!$A:$A,Bores_w_wl_data!I:I) -> Monitoring | J13: =_xlfn.XLOOKUP($A13,Bores_w_wl_data!$A:$A,Bores_w_wl_data!J:J) -> Constructed&Capped | K13: =_xlfn.XLOOKUP($A13,Bores_w_wl_data!$A:$A,Bores_w_wl_data!K:K) -> Current | L13: =_xlfn.XLOOKUP($A13,Bores_w_wl_data!$A:$A,Bores_w_wl_data!L:L) -> -22.259064 | M13: =_xlfn.XLOOKUP($A13,Bores_w_wl_data!$A:$A,Bores_w_wl_data!M:M) -> 133.80573 | N13: =_xlfn.XLOOKUP($A13,Bores_w_wl_data!$A:$A,Bores_w_wl_data!N:N) -> 53 | O13: =_xlfn.XLOOKUP($A13,Bores_w_wl_data!$A:$A,Bores_w_wl_data!O:O) -> 376945 | P13: =_xlfn.XLOOKUP($A13,Bores_w_wl_data!$A:$A,Bores_w_wl_data!P:P) -> 7538012 | Q13: =_xlfn.XLOOKUP($A13,Bores_w_wl_data!$A:$A,Bores_w_wl_data!Q:Q) -> GPS | R13: =_xlfn.XLOOKUP($A13,Bores_w_wl_data!$A:$A,Bores_w_wl_data!R:R) -> https://ntg.aquaticinformatics.net/AQWebportal/Data/Location/Summary/Location/RN017403/Interval/Latest
